"OBJECTID","ID_0","ISO","NAME_0","ID_1","NAME_1","ID_2","NAME_2","ID_3","NAME_3","ID_4","NAME_4","VARNAME_4","TYPE_4","ENGTYPE_4"
1,78,"FIN","Finland",1,"Eastern Finland",1,"North Karelia",1,"Ilomantsi",1,"Ilomantsi","Ilomants","Kunta|Kommun","Municipality"
2,78,"FIN","Finland",1,"Eastern Finland",1,"North Karelia",1,"Ilomantsi",2,"Tuupovaara",NA,"Kunta|Kommun","Municipality"
3,78,"FIN","Finland",1,"Eastern Finland",1,"North Karelia",2,"Joensuu",3,"Eno",NA,"Kunta|Kommun","Municipality"
4,78,"FIN","Finland",1,"Eastern Finland",1,"North Karelia",2,"Joensuu",4,"Joensuu",NA,"Kunta|Kommun","Municipality"
5,78,"FIN","Finland",1,"Eastern Finland",1,"North Karelia",2,"Joensuu",5,"Kiihtelysvaara",NA,"Kunta|Kommun","Municipality"
6,78,"FIN","Finland",1,"Eastern Finland",1,"North Karelia",2,"Joensuu",6,"Kontiolahti",NA,"Kunta|Kommun","Municipality"
7,78,"FIN","Finland",1,"Eastern Finland",1,"North Karelia",2,"Joensuu",7,"Liperi",NA,"Kunta|Kommun","Municipality"
8,78,"FIN","Finland",1,"Eastern Finland",1,"North Karelia",2,"Joensuu",8,"Outokumpu",NA,"Kunta|Kommun","Municipality"
9,78,"FIN","Finland",1,"Eastern Finland",1,"North Karelia",2,"Joensuu",9,"Polvijärvi","Polvijaervi","Kunta|Kommun","Municipality"
10,78,"FIN","Finland",1,"Eastern Finland",1,"North Karelia",2,"Joensuu",10,"Pyhäselkä","Pyhaeselkae","Kunta|Kommun","Municipality"
11,78,"FIN","Finland",1,"Eastern Finland",1,"North Karelia",3,"Middle Karelia",11,"Kesälahti","Kesaelahti","Kunta|Kommun","Municipality"
12,78,"FIN","Finland",1,"Eastern Finland",1,"North Karelia",3,"Middle Karelia",12,"Kitee",NA,"Kunta|Kommun","Municipality"
13,78,"FIN","Finland",1,"Eastern Finland",1,"North Karelia",3,"Middle Karelia",13,"Rääkkylä","Raeaekkylae","Kunta|Kommun","Municipality"
14,78,"FIN","Finland",1,"Eastern Finland",1,"North Karelia",3,"Middle Karelia",14,"Tohmajärvi","Tohmajaervi","Kunta|Kommun","Municipality"
15,78,"FIN","Finland",1,"Eastern Finland",1,"North Karelia",3,"Middle Karelia",15,"Värtsilä","Vaertsilae","Kunta|Kommun","Municipality"
16,78,"FIN","Finland",1,"Eastern Finland",1,"North Karelia",4,"Pielisen Karelia",16,"Juuka",NA,"Kunta|Kommun","Municipality"
17,78,"FIN","Finland",1,"Eastern Finland",1,"North Karelia",4,"Pielisen Karelia",17,"Lieksa",NA,"Kunta|Kommun","Municipality"
18,78,"FIN","Finland",1,"Eastern Finland",1,"North Karelia",4,"Pielisen Karelia",18,"Nurmes",NA,"Kunta|Kommun","Municipality"
19,78,"FIN","Finland",1,"Eastern Finland",1,"North Karelia",4,"Pielisen Karelia",19,"Valtimo",NA,"Kunta|Kommun","Municipality"
20,78,"FIN","Finland",1,"Eastern Finland",2,"North Savonia",5,"Kuopio",20,"Karttula",NA,"Kunta|Kommun","Municipality"
21,78,"FIN","Finland",1,"Eastern Finland",2,"North Savonia",5,"Kuopio",21,"Kuopio",NA,"Kunta|Kommun","Municipality"
22,78,"FIN","Finland",1,"Eastern Finland",2,"North Savonia",5,"Kuopio",22,"Maaninka",NA,"Kunta|Kommun","Municipality"
23,78,"FIN","Finland",1,"Eastern Finland",2,"North Savonia",5,"Kuopio",23,"Siilinjärvi","Siilinjaervi","Kunta|Kommun","Municipality"
24,78,"FIN","Finland",1,"Eastern Finland",2,"North Savonia",5,"Kuopio",24,"Vehmersalmi",NA,"Kunta|Kommun","Municipality"
25,78,"FIN","Finland",1,"Eastern Finland",2,"North Savonia",6,"North Eastern Savonia",25,"Juankoski",NA,"Kunta|Kommun","Municipality"
26,78,"FIN","Finland",1,"Eastern Finland",2,"North Savonia",6,"North Eastern Savonia",26,"Kaavi",NA,"Kunta|Kommun","Municipality"
27,78,"FIN","Finland",1,"Eastern Finland",2,"North Savonia",6,"North Eastern Savonia",27,"Nilsiä","Nilsiae","Kunta|Kommun","Municipality"
28,78,"FIN","Finland",1,"Eastern Finland",2,"North Savonia",6,"North Eastern Savonia",28,"Rautavaara",NA,"Kunta|Kommun","Municipality"
29,78,"FIN","Finland",1,"Eastern Finland",2,"North Savonia",6,"North Eastern Savonia",29,"Tuusniemi",NA,"Kunta|Kommun","Municipality"
30,78,"FIN","Finland",1,"Eastern Finland",2,"North Savonia",7,"Upper Savonia",30,"Iisalmi","Idensalmi","Kunta|Kommun","Municipality"
31,78,"FIN","Finland",1,"Eastern Finland",2,"North Savonia",7,"Upper Savonia",31,"Keitele",NA,"Kunta|Kommun","Municipality"
32,78,"FIN","Finland",1,"Eastern Finland",2,"North Savonia",7,"Upper Savonia",32,"Kiuruvesi",NA,"Kunta|Kommun","Municipality"
33,78,"FIN","Finland",1,"Eastern Finland",2,"North Savonia",7,"Upper Savonia",33,"Lapinlahti",NA,"Kunta|Kommun","Municipality"
34,78,"FIN","Finland",1,"Eastern Finland",2,"North Savonia",7,"Upper Savonia",34,"Pielavesi",NA,"Kunta|Kommun","Municipality"
35,78,"FIN","Finland",1,"Eastern Finland",2,"North Savonia",7,"Upper Savonia",35,"Sonkajärvi","Sonkajaervi","Kunta|Kommun","Municipality"
36,78,"FIN","Finland",1,"Eastern Finland",2,"North Savonia",7,"Upper Savonia",36,"Varpaisjärvi","Varpaisjaervi","Kunta|Kommun","Municipality"
37,78,"FIN","Finland",1,"Eastern Finland",2,"North Savonia",7,"Upper Savonia",37,"Vieremä","Vieremae","Kunta|Kommun","Municipality"
38,78,"FIN","Finland",1,"Eastern Finland",2,"North Savonia",8,"Varkaus",38,"Leppävirta","Leppaevirta","Kunta|Kommun","Municipality"
39,78,"FIN","Finland",1,"Eastern Finland",2,"North Savonia",8,"Varkaus",39,"Rautalampi",NA,"Kunta|Kommun","Municipality"
40,78,"FIN","Finland",1,"Eastern Finland",2,"North Savonia",8,"Varkaus",40,"Suonenjoki",NA,"Kunta|Kommun","Municipality"
41,78,"FIN","Finland",1,"Eastern Finland",2,"North Savonia",8,"Varkaus",41,"Tervo",NA,"Kunta|Kommun","Municipality"
42,78,"FIN","Finland",1,"Eastern Finland",2,"North Savonia",8,"Varkaus",42,"Varkaus",NA,"Kunta|Kommun","Municipality"
43,78,"FIN","Finland",1,"Eastern Finland",2,"North Savonia",8,"Varkaus",43,"Vesanto",NA,"Kunta|Kommun","Municipality"
44,78,"FIN","Finland",1,"Eastern Finland",3,"Päijänne Tavastia",9,"Heinola",44,"Hartola",NA,"Kunta|Kommun","Municipality"
45,78,"FIN","Finland",1,"Eastern Finland",3,"Päijänne Tavastia",9,"Heinola",45,"Heinola landskommun","Heinola lk","Kunta|Kommun","Municipality"
46,78,"FIN","Finland",1,"Eastern Finland",3,"Päijänne Tavastia",9,"Heinola",46,"Heinola",NA,"Kunta|Kommun","Municipality"
47,78,"FIN","Finland",1,"Eastern Finland",3,"Päijänne Tavastia",9,"Heinola",47,"Sysmä","Sysmae","Kunta|Kommun","Municipality"
48,78,"FIN","Finland",1,"Eastern Finland",4,"Southern Savonia",10,"Juva",48,"Joroinen","Jorois","Kunta|Kommun","Municipality"
49,78,"FIN","Finland",1,"Eastern Finland",4,"Southern Savonia",10,"Juva",49,"Juva",NA,"Kunta|Kommun","Municipality"
50,78,"FIN","Finland",1,"Eastern Finland",4,"Southern Savonia",10,"Juva",50,"Puumala",NA,"Kunta|Kommun","Municipality"
51,78,"FIN","Finland",1,"Eastern Finland",4,"Southern Savonia",10,"Juva",51,"Rantasalmi",NA,"Kunta|Kommun","Municipality"
52,78,"FIN","Finland",1,"Eastern Finland",4,"Southern Savonia",10,"Juva",52,"Sulkava",NA,"Kunta|Kommun","Municipality"
53,78,"FIN","Finland",1,"Eastern Finland",4,"Southern Savonia",11,"Mikkeli",53,"Anttola",NA,"Kunta|Kommun","Municipality"
54,78,"FIN","Finland",1,"Eastern Finland",4,"Southern Savonia",11,"Mikkeli",54,"Hirvensalmi",NA,"Kunta|Kommun","Municipality"
55,78,"FIN","Finland",1,"Eastern Finland",4,"Southern Savonia",11,"Mikkeli",55,"Kangasniemi",NA,"Kunta|Kommun","Municipality"
56,78,"FIN","Finland",1,"Eastern Finland",4,"Southern Savonia",11,"Mikkeli",56,"Mäntyharju","Maentyharju","Kunta|Kommun","Municipality"
57,78,"FIN","Finland",1,"Eastern Finland",4,"Southern Savonia",11,"Mikkeli",57,"Mikkeli","St Michel","Kunta|Kommun","Municipality"
58,78,"FIN","Finland",1,"Eastern Finland",4,"Southern Savonia",11,"Mikkeli",58,"Pertunmaa",NA,"Kunta|Kommun","Municipality"
59,78,"FIN","Finland",1,"Eastern Finland",4,"Southern Savonia",11,"Mikkeli",59,"Ristiina",NA,"Kunta|Kommun","Municipality"
60,78,"FIN","Finland",1,"Eastern Finland",4,"Southern Savonia",11,"Mikkeli",60,"S:t Michels landskommun","S:t Michels lk","Kunta|Kommun","Municipality"
61,78,"FIN","Finland",1,"Eastern Finland",4,"Southern Savonia",12,"Pieksämäki",61,"Haukivuori",NA,"Kunta|Kommun","Municipality"
62,78,"FIN","Finland",1,"Eastern Finland",4,"Southern Savonia",12,"Pieksämäki",62,"Jäppilä","Jaeppilae","Kunta|Kommun","Municipality"
63,78,"FIN","Finland",1,"Eastern Finland",4,"Southern Savonia",12,"Pieksämäki",63,"Pieksämäen mlk","Pieksaemaeen mlk|Pieksä nmaa","Kunta|Kommun","Municipality"
64,78,"FIN","Finland",1,"Eastern Finland",4,"Southern Savonia",12,"Pieksämäki",64,"Pieksämäki","Pieksaemaeki","Kunta|Kommun","Municipality"
65,78,"FIN","Finland",1,"Eastern Finland",4,"Southern Savonia",12,"Pieksämäki",65,"Virtasalmi",NA,"Kunta|Kommun","Municipality"
66,78,"FIN","Finland",1,"Eastern Finland",4,"Southern Savonia",13,"Savonlinna",66,"Enonkoski",NA,"Kunta|Kommun","Municipality"
67,78,"FIN","Finland",1,"Eastern Finland",4,"Southern Savonia",13,"Savonlinna",67,"Heinävesi","Heinaevesi","Kunta|Kommun","Municipality"
68,78,"FIN","Finland",1,"Eastern Finland",4,"Southern Savonia",13,"Savonlinna",68,"Kerimäki","Kerimaeki","Kunta|Kommun","Municipality"
69,78,"FIN","Finland",1,"Eastern Finland",4,"Southern Savonia",13,"Savonlinna",69,"Punkaharju",NA,"Kunta|Kommun","Municipality"
70,78,"FIN","Finland",1,"Eastern Finland",4,"Southern Savonia",13,"Savonlinna",70,"Savonlinna","Nyslott","Kunta|Kommun","Municipality"
71,78,"FIN","Finland",1,"Eastern Finland",4,"Southern Savonia",13,"Savonlinna",71,"Savonranta",NA,"Kunta|Kommun","Municipality"
72,78,"FIN","Finland",1,"Eastern Finland",4,"Southern Savonia",14,"Varkaus",72,"Kangaslampi",NA,"Kunta|Kommun","Municipality"
73,78,"FIN","Finland",2,"Lapland",5,"Lapland",15,"Eastern Lapland",73,"Kemijärvi","Kemijaervi","Kunta|Kommun","Municipality"
74,78,"FIN","Finland",2,"Lapland",5,"Lapland",15,"Eastern Lapland",74,"Pelkosenniemi",NA,"Kunta|Kommun","Municipality"
75,78,"FIN","Finland",2,"Lapland",5,"Lapland",15,"Eastern Lapland",75,"Posio",NA,"Kunta|Kommun","Municipality"
76,78,"FIN","Finland",2,"Lapland",5,"Lapland",15,"Eastern Lapland",76,"Salla",NA,"Kunta|Kommun","Municipality"
77,78,"FIN","Finland",2,"Lapland",5,"Lapland",15,"Eastern Lapland",77,"Savukoski","Suovâkuoškâ|Suovvaguoika","Kunta|Kommun","Municipality"
78,78,"FIN","Finland",2,"Lapland",5,"Lapland",16,"Kemi-Tornio",78,"Kemi","Giepma","Kunta|Kommun","Municipality"
79,78,"FIN","Finland",2,"Lapland",5,"Lapland",16,"Kemi-Tornio",79,"Keminmaa",NA,"Kunta|Kommun","Municipality"
80,78,"FIN","Finland",2,"Lapland",5,"Lapland",16,"Kemi-Tornio",80,"Simo",NA,"Kunta|Kommun","Municipality"
81,78,"FIN","Finland",2,"Lapland",5,"Lapland",16,"Kemi-Tornio",81,"Tervola",NA,"Kunta|Kommun","Municipality"
82,78,"FIN","Finland",2,"Lapland",5,"Lapland",16,"Kemi-Tornio",82,"Tornio","Tornio|Torneå|Duortnus","Kunta|Kommun","Municipality"
83,78,"FIN","Finland",2,"Lapland",5,"Lapland",17,"Northern Lapland",83,"Inari","Enare","Kunta|Kommun","Municipality"
84,78,"FIN","Finland",2,"Lapland",5,"Lapland",17,"Northern Lapland",84,"Sodankylä","Sodankylae|Suádigil|Soadegilli","Kunta|Kommun","Municipality"
85,78,"FIN","Finland",2,"Lapland",5,"Lapland",17,"Northern Lapland",85,"Utsjoki","Ohcejohka|Uccjuuhâ","Kunta|Kommun","Municipality"
86,78,"FIN","Finland",2,"Lapland",5,"Lapland",18,"Rovaniemi",86,"Ranua",NA,"Kunta|Kommun","Municipality"
87,78,"FIN","Finland",2,"Lapland",5,"Lapland",18,"Rovaniemi",87,"Rovaniemen mlk","Rovaniemen maalaiskunta|Rovaniemi lk","Kunta|Kommun","Municipality"
88,78,"FIN","Finland",2,"Lapland",5,"Lapland",18,"Rovaniemi",88,"Rovaniemi","Ruávinjargâ|Roavenjárga|Roavvenjárga","Kunta|Kommun","Municipality"
89,78,"FIN","Finland",2,"Lapland",5,"Lapland",19,"Tornio Valley",89,"Pello",NA,"Kunta|Kommun","Municipality"
90,78,"FIN","Finland",2,"Lapland",5,"Lapland",19,"Tornio Valley",90,"Ylitornio","Oevertorneaa|Övertorneå","Kunta|Kommun","Municipality"
91,78,"FIN","Finland",2,"Lapland",5,"Lapland",20,"Tunturi Lapland",91,"Enontekiö","Enontekis|Enontekijo|Sw. Enontekis","Kunta|Kommun","Municipality"
92,78,"FIN","Finland",2,"Lapland",5,"Lapland",20,"Tunturi Lapland",92,"Kittilä","Kittilae|Kittâl|Gihttel","Kunta|Kommun","Municipality"
93,78,"FIN","Finland",2,"Lapland",5,"Lapland",20,"Tunturi Lapland",93,"Kolari",NA,"Kunta|Kommun","Municipality"
94,78,"FIN","Finland",2,"Lapland",5,"Lapland",20,"Tunturi Lapland",94,"Muonio",NA,"Kunta|Kommun","Municipality"
95,78,"FIN","Finland",3,"Oulu",6,"Kainuu",21,"Kajaani",95,"Kajaani","Kajana","Kunta|Kommun","Municipality"
96,78,"FIN","Finland",3,"Oulu",6,"Kainuu",21,"Kajaani",96,"Paltamo",NA,"Kunta|Kommun","Municipality"
97,78,"FIN","Finland",3,"Oulu",6,"Kainuu",21,"Kajaani",97,"Ristijärvi","Ristijaervi","Kunta|Kommun","Municipality"
98,78,"FIN","Finland",3,"Oulu",6,"Kainuu",21,"Kajaani",98,"Sotkamo",NA,"Kunta|Kommun","Municipality"
99,78,"FIN","Finland",3,"Oulu",6,"Kainuu",21,"Kajaani",99,"Vaala",NA,"Kunta|Kommun","Municipality"
100,78,"FIN","Finland",3,"Oulu",6,"Kainuu",21,"Kajaani",100,"Vuolijoki",NA,"Kunta|Kommun","Municipality"
101,78,"FIN","Finland",3,"Oulu",6,"Kainuu",22,"Kehys-Kainuu",101,"Hyrynsalmi",NA,"Kunta|Kommun","Municipality"
102,78,"FIN","Finland",3,"Oulu",6,"Kainuu",22,"Kehys-Kainuu",102,"Kuhmo",NA,"Kunta|Kommun","Municipality"
103,78,"FIN","Finland",3,"Oulu",6,"Kainuu",22,"Kehys-Kainuu",103,"Puolanka",NA,"Kunta|Kommun","Municipality"
104,78,"FIN","Finland",3,"Oulu",6,"Kainuu",22,"Kehys-Kainuu",104,"Suomussalmi",NA,"Kunta|Kommun","Municipality"
105,78,"FIN","Finland",3,"Oulu",7,"Northern Ostrobothnia",23,"Koillismaa",105,"Kuusamo",NA,"Kunta|Kommun","Municipality"
106,78,"FIN","Finland",3,"Oulu",7,"Northern Ostrobothnia",23,"Koillismaa",106,"Taivalkoski",NA,"Kunta|Kommun","Municipality"
107,78,"FIN","Finland",3,"Oulu",7,"Northern Ostrobothnia",24,"Nivala-Haapajärvi",107,"Haapajärvi","Haapajaervi","Kunta|Kommun","Municipality"
108,78,"FIN","Finland",3,"Oulu",7,"Northern Ostrobothnia",24,"Nivala-Haapajärvi",108,"Kärsämäki","Kaersaemaeki","Kunta|Kommun","Municipality"
109,78,"FIN","Finland",3,"Oulu",7,"Northern Ostrobothnia",24,"Nivala-Haapajärvi",109,"Nivala",NA,"Kunta|Kommun","Municipality"
110,78,"FIN","Finland",3,"Oulu",7,"Northern Ostrobothnia",24,"Nivala-Haapajärvi",110,"Pyhäjärvi","Pyhaejaervi","Kunta|Kommun","Municipality"
111,78,"FIN","Finland",3,"Oulu",7,"Northern Ostrobothnia",24,"Nivala-Haapajärvi",111,"Reisjärvi","Reisjaervi","Kunta|Kommun","Municipality"
112,78,"FIN","Finland",3,"Oulu",7,"Northern Ostrobothnia",25,"Oulunkaari",112,"Ii",NA,"Kunta|Kommun","Municipality"
113,78,"FIN","Finland",3,"Oulu",7,"Northern Ostrobothnia",25,"Oulunkaari",113,"Kuivaniemi",NA,"Kunta|Kommun","Municipality"
114,78,"FIN","Finland",3,"Oulu",7,"Northern Ostrobothnia",25,"Oulunkaari",114,"Pudasjärvi","Pudasjaervi","Kunta|Kommun","Municipality"
115,78,"FIN","Finland",3,"Oulu",7,"Northern Ostrobothnia",25,"Oulunkaari",115,"Yli-Ii",NA,"Kunta|Kommun","Municipality"
116,78,"FIN","Finland",3,"Oulu",7,"Northern Ostrobothnia",25,"Oulunkaari",116,"Ylikiiminki",NA,"Kunta|Kommun","Municipality"
117,78,"FIN","Finland",3,"Oulu",7,"Northern Ostrobothnia",26,"Oulu",117,"Hailuoto","Karloe|Karlö","Kunta|Kommun","Municipality"
118,78,"FIN","Finland",3,"Oulu",7,"Northern Ostrobothnia",26,"Oulu",118,"Haukipudas",NA,"Kunta|Kommun","Municipality"
119,78,"FIN","Finland",3,"Oulu",7,"Northern Ostrobothnia",26,"Oulu",119,"Kempele",NA,"Kunta|Kommun","Municipality"
120,78,"FIN","Finland",3,"Oulu",7,"Northern Ostrobothnia",26,"Oulu",120,"Kiiminki",NA,"Kunta|Kommun","Municipality"
121,78,"FIN","Finland",3,"Oulu",7,"Northern Ostrobothnia",26,"Oulu",121,"Liminka","Limingo","Kunta|Kommun","Municipality"
122,78,"FIN","Finland",3,"Oulu",7,"Northern Ostrobothnia",26,"Oulu",122,"Lumijoki",NA,"Kunta|Kommun","Municipality"
123,78,"FIN","Finland",3,"Oulu",7,"Northern Ostrobothnia",26,"Oulu",123,"Muhos",NA,"Kunta|Kommun","Municipality"
124,78,"FIN","Finland",3,"Oulu",7,"Northern Ostrobothnia",26,"Oulu",124,"Oulu","Uleåborg","Kunta|Kommun","Municipality"
125,78,"FIN","Finland",3,"Oulu",7,"Northern Ostrobothnia",26,"Oulu",125,"Oulunsalo","Uleåsalo","Kunta|Kommun","Municipality"
126,78,"FIN","Finland",3,"Oulu",7,"Northern Ostrobothnia",26,"Oulu",126,"Temmes",NA,"Kunta|Kommun","Municipality"
127,78,"FIN","Finland",3,"Oulu",7,"Northern Ostrobothnia",26,"Oulu",127,"Tyrnävä","Tyrnaevae","Kunta|Kommun","Municipality"
128,78,"FIN","Finland",3,"Oulu",7,"Northern Ostrobothnia",27,"Raahe",128,"Pattijoki",NA,"Kunta|Kommun","Municipality"
129,78,"FIN","Finland",3,"Oulu",7,"Northern Ostrobothnia",27,"Raahe",129,"Pyhäjoki","Pyhaejoki","Kunta|Kommun","Municipality"
130,78,"FIN","Finland",3,"Oulu",7,"Northern Ostrobothnia",27,"Raahe",130,"Raahe","Brahestad","Kunta|Kommun","Municipality"
131,78,"FIN","Finland",3,"Oulu",7,"Northern Ostrobothnia",27,"Raahe",131,"Ruukki",NA,"Kunta|Kommun","Municipality"
132,78,"FIN","Finland",3,"Oulu",7,"Northern Ostrobothnia",27,"Raahe",132,"Siikajoki",NA,"Kunta|Kommun","Municipality"
133,78,"FIN","Finland",3,"Oulu",7,"Northern Ostrobothnia",27,"Raahe",133,"Vihanti",NA,"Kunta|Kommun","Municipality"
134,78,"FIN","Finland",3,"Oulu",7,"Northern Ostrobothnia",28,"Siikalatva",134,"Haapavesi",NA,"Kunta|Kommun","Municipality"
135,78,"FIN","Finland",3,"Oulu",7,"Northern Ostrobothnia",28,"Siikalatva",135,"Kestilä","Kestilae","Kunta|Kommun","Municipality"
136,78,"FIN","Finland",3,"Oulu",7,"Northern Ostrobothnia",28,"Siikalatva",136,"Piippola",NA,"Kunta|Kommun","Municipality"
137,78,"FIN","Finland",3,"Oulu",7,"Northern Ostrobothnia",28,"Siikalatva",137,"Pulkkila",NA,"Kunta|Kommun","Municipality"
138,78,"FIN","Finland",3,"Oulu",7,"Northern Ostrobothnia",28,"Siikalatva",138,"Pyhäntä","Pyhaentae","Kunta|Kommun","Municipality"
139,78,"FIN","Finland",3,"Oulu",7,"Northern Ostrobothnia",28,"Siikalatva",139,"Rantsila",NA,"Kunta|Kommun","Municipality"
140,78,"FIN","Finland",3,"Oulu",7,"Northern Ostrobothnia",29,"Ylivieska",140,"Alavieska",NA,"Kunta|Kommun","Municipality"
141,78,"FIN","Finland",3,"Oulu",7,"Northern Ostrobothnia",29,"Ylivieska",141,"Kalajoki",NA,"Kunta|Kommun","Municipality"
142,78,"FIN","Finland",3,"Oulu",7,"Northern Ostrobothnia",29,"Ylivieska",142,"Merijärvi","Merijaervi","Kunta|Kommun","Municipality"
143,78,"FIN","Finland",3,"Oulu",7,"Northern Ostrobothnia",29,"Ylivieska",143,"Oulainen",NA,"Kunta|Kommun","Municipality"
144,78,"FIN","Finland",3,"Oulu",7,"Northern Ostrobothnia",29,"Ylivieska",144,"Sievi",NA,"Kunta|Kommun","Municipality"
145,78,"FIN","Finland",3,"Oulu",7,"Northern Ostrobothnia",29,"Ylivieska",145,"Ylivieska",NA,"Kunta|Kommun","Municipality"
146,78,"FIN","Finland",4,"Southern Finland",8,"Eastern Uusimaa",30,"Loviisa",146,"Lapinjärvi","Lapptraesk|Lapinjaer |Lappträsk","Kunta|Kommun","Municipality"
147,78,"FIN","Finland",4,"Southern Finland",8,"Eastern Uusimaa",30,"Loviisa",147,"Liljendal",NA,"Kunta|Kommun","Municipality"
148,78,"FIN","Finland",4,"Southern Finland",8,"Eastern Uusimaa",30,"Loviisa",148,"Loviisa","Lovisa","Kunta|Kommun","Municipality"
149,78,"FIN","Finland",4,"Southern Finland",8,"Eastern Uusimaa",30,"Loviisa",149,"Pernaja","Pernaa|Pernå","Kunta|Kommun","Municipality"
150,78,"FIN","Finland",4,"Southern Finland",8,"Eastern Uusimaa",30,"Loviisa",150,"Ruotsinpyhtää","Stroemfors|Ruotsinpy|Strömfors","Kunta|Kommun","Municipality"
151,78,"FIN","Finland",4,"Southern Finland",8,"Eastern Uusimaa",31,"Porvoo",151,"Askola","Askola","Kunta|Kommun","Municipality"
152,78,"FIN","Finland",4,"Southern Finland",8,"Eastern Uusimaa",31,"Porvoo",152,"Borgaa lnadskommun (Porvoon maalais","Borgaa lk","Kunta|Kommun","Municipality"
153,78,"FIN","Finland",4,"Southern Finland",8,"Eastern Uusimaa",31,"Porvoo",153,"Myrskylä","Moerskom|Myrskylae |Mörskom","Kunta|Kommun","Municipality"
154,78,"FIN","Finland",4,"Southern Finland",8,"Eastern Uusimaa",31,"Porvoo",154,"Porvoo","Borgaa|Borgå","Kunta|Kommun","Municipality"
155,78,"FIN","Finland",4,"Southern Finland",8,"Eastern Uusimaa",31,"Porvoo",155,"Pukkila",NA,"Kunta|Kommun","Municipality"
156,78,"FIN","Finland",4,"Southern Finland",8,"Eastern Uusimaa",31,"Porvoo",156,"Sipoo","Sibbo","Kunta|Kommun","Municipality"
157,78,"FIN","Finland",4,"Southern Finland",9,"Kymenlaakso",32,"Kotka-Hamina",157,"Hamina","Fredrikshamn","Kunta|Kommun","Municipality"
158,78,"FIN","Finland",4,"Southern Finland",9,"Kymenlaakso",32,"Kotka-Hamina",158,"Kotka",NA,"Kunta|Kommun","Municipality"
159,78,"FIN","Finland",4,"Southern Finland",9,"Kymenlaakso",32,"Kotka-Hamina",159,"Miehikkälä","Miehikkaelae","Kunta|Kommun","Municipality"
160,78,"FIN","Finland",4,"Southern Finland",9,"Kymenlaakso",32,"Kotka-Hamina",160,"Pyhtää","Pyttis|Pyhtaeae","Kunta|Kommun","Municipality"
161,78,"FIN","Finland",4,"Southern Finland",9,"Kymenlaakso",32,"Kotka-Hamina",161,"Veckelaaa",NA,"Kunta|Kommun","Municipality"
162,78,"FIN","Finland",4,"Southern Finland",9,"Kymenlaakso",32,"Kotka-Hamina",162,"Virolahti","Virolahti","Kunta|Kommun","Municipality"
163,78,"FIN","Finland",4,"Southern Finland",9,"Kymenlaakso",33,"Kouvola",163,"Anjalankoski",NA,"Kunta|Kommun","Municipality"
164,78,"FIN","Finland",4,"Southern Finland",9,"Kymenlaakso",33,"Kouvola",164,"Elimäki","Elimaeki","Kunta|Kommun","Municipality"
165,78,"FIN","Finland",4,"Southern Finland",9,"Kymenlaakso",33,"Kouvola",165,"Iitti",NA,"Kunta|Kommun","Municipality"
166,78,"FIN","Finland",4,"Southern Finland",9,"Kymenlaakso",33,"Kouvola",166,"Jaala",NA,"Kunta|Kommun","Municipality"
167,78,"FIN","Finland",4,"Southern Finland",9,"Kymenlaakso",33,"Kouvola",167,"Kouvola",NA,"Kunta|Kommun","Municipality"
168,78,"FIN","Finland",4,"Southern Finland",9,"Kymenlaakso",33,"Kouvola",168,"Kuusankoski",NA,"Kunta|Kommun","Municipality"
169,78,"FIN","Finland",4,"Southern Finland",9,"Kymenlaakso",33,"Kouvola",169,"Valkeala",NA,"Kunta|Kommun","Municipality"
170,78,"FIN","Finland",4,"Southern Finland",10,"Päijänne Tavastia",34,"Lahti",170,"Artjärvi","Artsjoe|Artjaervi|Artsjö","Kunta|Kommun","Municipality"
171,78,"FIN","Finland",4,"Southern Finland",10,"Päijänne Tavastia",34,"Lahti",171,"Orimattila",NA,"Kunta|Kommun","Municipality"
172,78,"FIN","Finland",4,"Southern Finland",11,"South Karelia",35,"Imatra",172,"Imatra",NA,"Kunta|Kommun","Municipality"
173,78,"FIN","Finland",4,"Southern Finland",11,"South Karelia",35,"Imatra",173,"Parikkala",NA,"Kunta|Kommun","Municipality"
174,78,"FIN","Finland",4,"Southern Finland",11,"South Karelia",35,"Imatra",174,"Rautjärvi","Rautjaervi","Kunta|Kommun","Municipality"
175,78,"FIN","Finland",4,"Southern Finland",11,"South Karelia",35,"Imatra",175,"Ruokolahti",NA,"Kunta|Kommun","Municipality"
176,78,"FIN","Finland",4,"Southern Finland",11,"South Karelia",35,"Imatra",176,"Saari",NA,"Kunta|Kommun","Municipality"
177,78,"FIN","Finland",4,"Southern Finland",11,"South Karelia",35,"Imatra",177,"Uukuniemi",NA,"Kunta|Kommun","Municipality"
178,78,"FIN","Finland",4,"Southern Finland",11,"South Karelia",36,"Lappeenranta",178,"Joutseno",NA,"Kunta|Kommun","Municipality"
179,78,"FIN","Finland",4,"Southern Finland",11,"South Karelia",36,"Lappeenranta",179,"Lappeenranta","Villmanstrand|Lappeenranta","Kunta|Kommun","Municipality"
180,78,"FIN","Finland",4,"Southern Finland",11,"South Karelia",37,"Western Saimaa",180,"Lemi",NA,"Kunta|Kommun","Municipality"
181,78,"FIN","Finland",4,"Southern Finland",11,"South Karelia",37,"Western Saimaa",181,"Luumäki","Luumaeki","Kunta|Kommun","Municipality"
182,78,"FIN","Finland",4,"Southern Finland",11,"South Karelia",37,"Western Saimaa",182,"Savitaipale",NA,"Kunta|Kommun","Municipality"
183,78,"FIN","Finland",4,"Southern Finland",11,"South Karelia",37,"Western Saimaa",183,"Suomenniemi",NA,"Kunta|Kommun","Municipality"
184,78,"FIN","Finland",4,"Southern Finland",11,"South Karelia",37,"Western Saimaa",184,"Taipalsaari",NA,"Kunta|Kommun","Municipality"
185,78,"FIN","Finland",4,"Southern Finland",11,"South Karelia",37,"Western Saimaa",185,"Ylämaa","Ylaemaa","Kunta|Kommun","Municipality"
186,78,"FIN","Finland",4,"Southern Finland",12,"Uusimaa",38,"Ekenäs",186,"Hanko","Hangoe|Hangö","Kunta|Kommun","Municipality"
187,78,"FIN","Finland",4,"Southern Finland",12,"Uusimaa",38,"Ekenäs",187,"Inkoo",NA,"Kunta|Kommun","Municipality"
188,78,"FIN","Finland",4,"Southern Finland",12,"Uusimaa",38,"Ekenäs",188,"Karjaa","Karis|Karjaa","Kunta|Kommun","Municipality"
189,78,"FIN","Finland",4,"Southern Finland",12,"Uusimaa",38,"Ekenäs",189,"Pohja","Pojo","Kunta|Kommun","Municipality"
190,78,"FIN","Finland",4,"Southern Finland",12,"Uusimaa",39,"Helsinki",190,"Espoo","Esbo","Kunta|Kommun","Municipality"
191,78,"FIN","Finland",4,"Southern Finland",12,"Uusimaa",39,"Helsinki",191,"Helsinki","Helsingfors","Kunta|Kommun","Municipality"
192,78,"FIN","Finland",4,"Southern Finland",12,"Uusimaa",39,"Helsinki",192,"Hyvinkää","Hyvinge","Kunta|Kommun","Municipality"
193,78,"FIN","Finland",4,"Southern Finland",12,"Uusimaa",39,"Helsinki",193,"Järvenpää","Traeskaenda|Träskända","Kunta|Kommun","Municipality"
194,78,"FIN","Finland",4,"Southern Finland",12,"Uusimaa",39,"Helsinki",194,"Kauniainen","Grankulla","Kunta|Kommun","Municipality"
195,78,"FIN","Finland",4,"Southern Finland",12,"Uusimaa",39,"Helsinki",195,"Kerava","Kervo","Kunta|Kommun","Municipality"
196,78,"FIN","Finland",4,"Southern Finland",12,"Uusimaa",39,"Helsinki",196,"Kirkkonummi","Kyrkslaett|Kyrkslätt","Kunta|Kommun","Municipality"
197,78,"FIN","Finland",4,"Southern Finland",12,"Uusimaa",39,"Helsinki",197,"Mäntsälä","Maentsaelae","Kunta|Kommun","Municipality"
198,78,"FIN","Finland",4,"Southern Finland",12,"Uusimaa",39,"Helsinki",198,"Nurmijärvi","Nurmijaervi","Kunta|Kommun","Municipality"
199,78,"FIN","Finland",4,"Southern Finland",12,"Uusimaa",39,"Helsinki",199,"Pornainen","Borgnaes","Kunta|Kommun","Municipality"
200,78,"FIN","Finland",4,"Southern Finland",12,"Uusimaa",39,"Helsinki",200,"Siuntio","Sjundeaa|Sjundeå","Kunta|Kommun","Municipality"
201,78,"FIN","Finland",4,"Southern Finland",12,"Uusimaa",39,"Helsinki",201,"Tuusula","Tusby","Kunta|Kommun","Municipality"
202,78,"FIN","Finland",4,"Southern Finland",12,"Uusimaa",39,"Helsinki",202,"Vantaa","Vanda","Kunta|Kommun","Municipality"
203,78,"FIN","Finland",4,"Southern Finland",12,"Uusimaa",40,"Lohja",203,"Karjalohja","Karislojo","Kunta|Kommun","Municipality"
204,78,"FIN","Finland",4,"Southern Finland",12,"Uusimaa",40,"Lohja",204,"Karkkila","Hoegfors","Kunta|Kommun","Municipality"
205,78,"FIN","Finland",4,"Southern Finland",12,"Uusimaa",40,"Lohja",205,"Lohja","Lojo","Kunta|Kommun","Municipality"
206,78,"FIN","Finland",4,"Southern Finland",12,"Uusimaa",40,"Lohja",206,"Lojo kommun",NA,"Kunta|Kommun","Municipality"
207,78,"FIN","Finland",4,"Southern Finland",12,"Uusimaa",40,"Lohja",207,"Nummi-Pusula",NA,"Kunta|Kommun","Municipality"
208,78,"FIN","Finland",4,"Southern Finland",12,"Uusimaa",40,"Lohja",208,"Sammatti",NA,"Kunta|Kommun","Municipality"
209,78,"FIN","Finland",4,"Southern Finland",12,"Uusimaa",40,"Lohja",209,"Vihti","Vichtis","Kunta|Kommun","Municipality"
210,78,"FIN","Finland",5,"Western Finland",13,"Central Finland",41,"Äänekoski",210,"Äänekoski","Aeaenekoski","Kunta|Kommun","Municipality"
211,78,"FIN","Finland",5,"Western Finland",13,"Central Finland",41,"Äänekoski",211,"Konnevesi",NA,"Kunta|Kommun","Municipality"
212,78,"FIN","Finland",5,"Western Finland",13,"Central Finland",41,"Äänekoski",212,"Sumiainen",NA,"Kunta|Kommun","Municipality"
213,78,"FIN","Finland",5,"Western Finland",13,"Central Finland",41,"Äänekoski",213,"Suolahti",NA,"Kunta|Kommun","Municipality"
214,78,"FIN","Finland",5,"Western Finland",13,"Central Finland",42,"Jämsä",214,"Jämsä","Jaemsae","Kunta|Kommun","Municipality"
215,78,"FIN","Finland",5,"Western Finland",13,"Central Finland",42,"Jämsä",215,"Jämsänkoski","Jaemsaenkoski","Kunta|Kommun","Municipality"
216,78,"FIN","Finland",5,"Western Finland",13,"Central Finland",42,"Jämsä",216,"Korpilahti",NA,"Kunta|Kommun","Municipality"
217,78,"FIN","Finland",5,"Western Finland",13,"Central Finland",42,"Jämsä",217,"Kuhmoinen",NA,"Kunta|Kommun","Municipality"
218,78,"FIN","Finland",5,"Western Finland",13,"Central Finland",43,"Jyväskylä",218,"Jyväskylän mlk","Jyvaeskylae","Kunta|Kommun","Municipality"
219,78,"FIN","Finland",5,"Western Finland",13,"Central Finland",43,"Jyväskylä",219,"Jyväskylä","Jyvaeskylae","Kunta|Kommun","Municipality"
220,78,"FIN","Finland",5,"Western Finland",13,"Central Finland",43,"Jyväskylä",220,"Laukaa",NA,"Kunta|Kommun","Municipality"
221,78,"FIN","Finland",5,"Western Finland",13,"Central Finland",43,"Jyväskylä",221,"Muurame",NA,"Kunta|Kommun","Municipality"
222,78,"FIN","Finland",5,"Western Finland",13,"Central Finland",43,"Jyväskylä",222,"Uurainen",NA,"Kunta|Kommun","Municipality"
223,78,"FIN","Finland",5,"Western Finland",13,"Central Finland",44,"Keuruu",223,"Keuruu",NA,"Kunta|Kommun","Municipality"
224,78,"FIN","Finland",5,"Western Finland",13,"Central Finland",44,"Keuruu",224,"Multia",NA,"Kunta|Kommun","Municipality"
225,78,"FIN","Finland",5,"Western Finland",13,"Central Finland",44,"Keuruu",225,"Petäjävesi","Petaejaevesi","Kunta|Kommun","Municipality"
226,78,"FIN","Finland",5,"Western Finland",13,"Central Finland",45,"Saarijärvi",226,"Kannonkoski",NA,"Kunta|Kommun","Municipality"
227,78,"FIN","Finland",5,"Western Finland",13,"Central Finland",45,"Saarijärvi",227,"Karstula",NA,"Kunta|Kommun","Municipality"
228,78,"FIN","Finland",5,"Western Finland",13,"Central Finland",45,"Saarijärvi",228,"Kivijärvi","Kivijaervi","Kunta|Kommun","Municipality"
229,78,"FIN","Finland",5,"Western Finland",13,"Central Finland",45,"Saarijärvi",229,"Kyyjärvi","Kyyjaervi","Kunta|Kommun","Municipality"
230,78,"FIN","Finland",5,"Western Finland",13,"Central Finland",45,"Saarijärvi",230,"Pylkönmäki","Pylkoenmaeki","Kunta|Kommun","Municipality"
231,78,"FIN","Finland",5,"Western Finland",13,"Central Finland",45,"Saarijärvi",231,"Saarijärvi","Saarijaervi","Kunta|Kommun","Municipality"
232,78,"FIN","Finland",5,"Western Finland",13,"Central Finland",46,"South Eastern Middle",232,"Hankasalmi",NA,"Kunta|Kommun","Municipality"
233,78,"FIN","Finland",5,"Western Finland",13,"Central Finland",46,"South Eastern Middle",233,"Joutsa",NA,"Kunta|Kommun","Municipality"
234,78,"FIN","Finland",5,"Western Finland",13,"Central Finland",46,"South Eastern Middle",234,"Leivonmäki","Leivonmaeki","Kunta|Kommun","Municipality"
235,78,"FIN","Finland",5,"Western Finland",13,"Central Finland",46,"South Eastern Middle",235,"Luhanka",NA,"Kunta|Kommun","Municipality"
236,78,"FIN","Finland",5,"Western Finland",13,"Central Finland",46,"South Eastern Middle",236,"Toivakka",NA,"Kunta|Kommun","Municipality"
237,78,"FIN","Finland",5,"Western Finland",13,"Central Finland",47,"Viitasaari",237,"Kinnula",NA,"Kunta|Kommun","Municipality"
238,78,"FIN","Finland",5,"Western Finland",13,"Central Finland",47,"Viitasaari",238,"Pihtipudas",NA,"Kunta|Kommun","Municipality"
239,78,"FIN","Finland",5,"Western Finland",13,"Central Finland",47,"Viitasaari",239,"Viitasaari",NA,"Kunta|Kommun","Municipality"
240,78,"FIN","Finland",5,"Western Finland",14,"Central Ostrobothnia",48,"Kaustinen",240,"Halsua",NA,"Kunta|Kommun","Municipality"
241,78,"FIN","Finland",5,"Western Finland",14,"Central Ostrobothnia",48,"Kaustinen",241,"Kaustinen","Kaustby","Kunta|Kommun","Municipality"
242,78,"FIN","Finland",5,"Western Finland",14,"Central Ostrobothnia",48,"Kaustinen",242,"Lestijärvi","Lestijaervi","Kunta|Kommun","Municipality"
243,78,"FIN","Finland",5,"Western Finland",14,"Central Ostrobothnia",48,"Kaustinen",243,"Perho",NA,"Kunta|Kommun","Municipality"
244,78,"FIN","Finland",5,"Western Finland",14,"Central Ostrobothnia",48,"Kaustinen",244,"Toholampi",NA,"Kunta|Kommun","Municipality"
245,78,"FIN","Finland",5,"Western Finland",14,"Central Ostrobothnia",48,"Kaustinen",245,"Ullava",NA,"Kunta|Kommun","Municipality"
246,78,"FIN","Finland",5,"Western Finland",14,"Central Ostrobothnia",48,"Kaustinen",246,"Veteli","Vetil","Kunta|Kommun","Municipality"
247,78,"FIN","Finland",5,"Western Finland",14,"Central Ostrobothnia",49,"Kokkola",247,"Himanka",NA,"Kunta|Kommun","Municipality"
248,78,"FIN","Finland",5,"Western Finland",14,"Central Ostrobothnia",49,"Kokkola",248,"Kälviä","Kelviaa","Kunta|Kommun","Municipality"
249,78,"FIN","Finland",5,"Western Finland",14,"Central Ostrobothnia",49,"Kokkola",249,"Kannus",NA,"Kunta|Kommun","Municipality"
250,78,"FIN","Finland",5,"Western Finland",14,"Central Ostrobothnia",49,"Kokkola",250,"Kokkola","Karleby","Kunta|Kommun","Municipality"
251,78,"FIN","Finland",5,"Western Finland",14,"Central Ostrobothnia",49,"Kokkola",251,"Lohtaja","Lochteaa","Kunta|Kommun","Municipality"
252,78,"FIN","Finland",5,"Western Finland",15,"Finland Proper",50,"Åboland-Turunmaa",252,"Dragsfjärd","Dragsfjaerd","Kunta|Kommun","Municipality"
253,78,"FIN","Finland",5,"Western Finland",15,"Finland Proper",50,"Åboland-Turunmaa",253,"Houtskari","Houtskaer|Houtskär","Kunta|Kommun","Municipality"
254,78,"FIN","Finland",5,"Western Finland",15,"Finland Proper",50,"Åboland-Turunmaa",254,"Iniö","Inioe","Kunta|Kommun","Municipality"
255,78,"FIN","Finland",5,"Western Finland",15,"Finland Proper",50,"Åboland-Turunmaa",255,"Kemiö","Kimito","Kunta|Kommun","Municipality"
256,78,"FIN","Finland",5,"Western Finland",15,"Finland Proper",50,"Åboland-Turunmaa",256,"Korppoo","Korpo","Kunta|Kommun","Municipality"
257,78,"FIN","Finland",5,"Western Finland",15,"Finland Proper",50,"Åboland-Turunmaa",257,"Nauvo","Nagu","Kunta|Kommun","Municipality"
258,78,"FIN","Finland",5,"Western Finland",15,"Finland Proper",50,"Åboland-Turunmaa",258,"Parainen","Pargas","Kunta|Kommun","Municipality"
259,78,"FIN","Finland",5,"Western Finland",15,"Finland Proper",50,"Åboland-Turunmaa",259,"Västanfjärd","Vaestanfjaerd","Kunta|Kommun","Municipality"
260,78,"FIN","Finland",5,"Western Finland",15,"Finland Proper",51,"Loimaa",260,"Alastaro",NA,"Kunta|Kommun","Municipality"
261,78,"FIN","Finland",5,"Western Finland",15,"Finland Proper",51,"Loimaa",261,"Aura",NA,"Kunta|Kommun","Municipality"
262,78,"FIN","Finland",5,"Western Finland",15,"Finland Proper",51,"Loimaa",262,"Karinainen",NA,"Kunta|Kommun","Municipality"
263,78,"FIN","Finland",5,"Western Finland",15,"Finland Proper",51,"Loimaa",263,"Koski TL",NA,"Kunta|Kommun","Municipality"
264,78,"FIN","Finland",5,"Western Finland",15,"Finland Proper",51,"Loimaa",264,"Loimaan kunta",NA,"Kunta|Kommun","Municipality"
265,78,"FIN","Finland",5,"Western Finland",15,"Finland Proper",51,"Loimaa",265,"Loimaa",NA,"Kunta|Kommun","Municipality"
266,78,"FIN","Finland",5,"Western Finland",15,"Finland Proper",51,"Loimaa",266,"Marttila",NA,"Kunta|Kommun","Municipality"
267,78,"FIN","Finland",5,"Western Finland",15,"Finland Proper",51,"Loimaa",267,"Mellilä","Mellilae","Kunta|Kommun","Municipality"
268,78,"FIN","Finland",5,"Western Finland",15,"Finland Proper",51,"Loimaa",268,"Oripää","Oripaeae","Kunta|Kommun","Municipality"
269,78,"FIN","Finland",5,"Western Finland",15,"Finland Proper",51,"Loimaa",269,"Pöytyä","Poeytyae","Kunta|Kommun","Municipality"
270,78,"FIN","Finland",5,"Western Finland",15,"Finland Proper",51,"Loimaa",270,"Tarvasjoki",NA,"Kunta|Kommun","Municipality"
271,78,"FIN","Finland",5,"Western Finland",15,"Finland Proper",51,"Loimaa",271,"Yläne","Ylaene","Kunta|Kommun","Municipality"
272,78,"FIN","Finland",5,"Western Finland",15,"Finland Proper",52,"Salo",272,"Halikko",NA,"Kunta|Kommun","Municipality"
273,78,"FIN","Finland",5,"Western Finland",15,"Finland Proper",52,"Salo",273,"Kiikala",NA,"Kunta|Kommun","Municipality"
274,78,"FIN","Finland",5,"Western Finland",15,"Finland Proper",52,"Salo",274,"Kisko",NA,"Kunta|Kommun","Municipality"
275,78,"FIN","Finland",5,"Western Finland",15,"Finland Proper",52,"Salo",275,"Kuusjoki",NA,"Kunta|Kommun","Municipality"
276,78,"FIN","Finland",5,"Western Finland",15,"Finland Proper",52,"Salo",276,"Muurla",NA,"Kunta|Kommun","Municipality"
277,78,"FIN","Finland",5,"Western Finland",15,"Finland Proper",52,"Salo",277,"Perniö","Bjaernaa|Pernioe|Bjärnå","Kunta|Kommun","Municipality"
278,78,"FIN","Finland",5,"Western Finland",15,"Finland Proper",52,"Salo",278,"Pertteli",NA,"Kunta|Kommun","Municipality"
279,78,"FIN","Finland",5,"Western Finland",15,"Finland Proper",52,"Salo",279,"Särkisalo","Finby|Saerkisalo","Kunta|Kommun","Municipality"
280,78,"FIN","Finland",5,"Western Finland",15,"Finland Proper",52,"Salo",280,"Salo",NA,"Kunta|Kommun","Municipality"
281,78,"FIN","Finland",5,"Western Finland",15,"Finland Proper",52,"Salo",281,"Somero",NA,"Kunta|Kommun","Municipality"
282,78,"FIN","Finland",5,"Western Finland",15,"Finland Proper",52,"Salo",282,"Suomusjärvi","Suomusjaervi","Kunta|Kommun","Municipality"
283,78,"FIN","Finland",5,"Western Finland",15,"Finland Proper",53,"Turku",283,"Askainen","Villnaes|Villnäs","Kunta|Kommun","Municipality"
284,78,"FIN","Finland",5,"Western Finland",15,"Finland Proper",53,"Turku",284,"Kaarina","St Karins","Kunta|Kommun","Municipality"
285,78,"FIN","Finland",5,"Western Finland",15,"Finland Proper",53,"Turku",285,"Lemu",NA,"Kunta|Kommun","Municipality"
286,78,"FIN","Finland",5,"Western Finland",15,"Finland Proper",53,"Turku",286,"Lieto","Lundo","Kunta|Kommun","Municipality"
287,78,"FIN","Finland",5,"Western Finland",15,"Finland Proper",53,"Turku",287,"Masku",NA,"Kunta|Kommun","Municipality"
288,78,"FIN","Finland",5,"Western Finland",15,"Finland Proper",53,"Turku",288,"Merimasku",NA,"Kunta|Kommun","Municipality"
289,78,"FIN","Finland",5,"Western Finland",15,"Finland Proper",53,"Turku",289,"Mynämäki","Mynaemaeki","Kunta|Kommun","Municipality"
290,78,"FIN","Finland",5,"Western Finland",15,"Finland Proper",53,"Turku",290,"Naantali","Naadendal|Nådendal","Kunta|Kommun","Municipality"
291,78,"FIN","Finland",5,"Western Finland",15,"Finland Proper",53,"Turku",291,"Nousiainen","Nousis","Kunta|Kommun","Municipality"
292,78,"FIN","Finland",5,"Western Finland",15,"Finland Proper",53,"Turku",292,"Paimio","Pemar","Kunta|Kommun","Municipality"
293,78,"FIN","Finland",5,"Western Finland",15,"Finland Proper",53,"Turku",293,"Piikkiö","Pikis|Piikkioe","Kunta|Kommun","Municipality"
294,78,"FIN","Finland",5,"Western Finland",15,"Finland Proper",53,"Turku",294,"Raisio","Reso","Kunta|Kommun","Municipality"
295,78,"FIN","Finland",5,"Western Finland",15,"Finland Proper",53,"Turku",295,"Rusko",NA,"Kunta|Kommun","Municipality"
296,78,"FIN","Finland",5,"Western Finland",15,"Finland Proper",53,"Turku",296,"Rymättylä","Rimito|Rymaettylae","Kunta|Kommun","Municipality"
297,78,"FIN","Finland",5,"Western Finland",15,"Finland Proper",53,"Turku",297,"Sauvo","Sagu","Kunta|Kommun","Municipality"
298,78,"FIN","Finland",5,"Western Finland",15,"Finland Proper",53,"Turku",298,"Turku","Aabo|Åbo","Kunta|Kommun","Municipality"
299,78,"FIN","Finland",5,"Western Finland",15,"Finland Proper",53,"Turku",299,"Vahto",NA,"Kunta|Kommun","Municipality"
300,78,"FIN","Finland",5,"Western Finland",15,"Finland Proper",53,"Turku",300,"Velkua",NA,"Kunta|Kommun","Municipality"
301,78,"FIN","Finland",5,"Western Finland",15,"Finland Proper",54,"Vakka-Suomi",301,"Kustavi","Gustavs","Kunta|Kommun","Municipality"
302,78,"FIN","Finland",5,"Western Finland",15,"Finland Proper",54,"Vakka-Suomi",302,"Laitila",NA,"Kunta|Kommun","Municipality"
303,78,"FIN","Finland",5,"Western Finland",15,"Finland Proper",54,"Vakka-Suomi",303,"Mietoinen",NA,"Kunta|Kommun","Municipality"
304,78,"FIN","Finland",5,"Western Finland",15,"Finland Proper",54,"Vakka-Suomi",304,"Pyhäranta","Pyhaeranta","Kunta|Kommun","Municipality"
305,78,"FIN","Finland",5,"Western Finland",15,"Finland Proper",54,"Vakka-Suomi",305,"Taivassalo","Toevsala","Kunta|Kommun","Municipality"
306,78,"FIN","Finland",5,"Western Finland",15,"Finland Proper",54,"Vakka-Suomi",306,"Uusikaupunki","Nystad","Kunta|Kommun","Municipality"
307,78,"FIN","Finland",5,"Western Finland",15,"Finland Proper",54,"Vakka-Suomi",307,"Vehmaa",NA,"Kunta|Kommun","Municipality"
308,78,"FIN","Finland",5,"Western Finland",16,"Ostrobothnia",55,"Jakobstadsregionen",308,"Kruunupyy","Kronoby","Kunta|Kommun","Municipality"
309,78,"FIN","Finland",5,"Western Finland",16,"Ostrobothnia",55,"Jakobstadsregionen",309,"Luoto","Larsmo","Kunta|Kommun","Municipality"
310,78,"FIN","Finland",5,"Western Finland",16,"Ostrobothnia",55,"Jakobstadsregionen",310,"Pedersöre","Pedersoere","Kunta|Kommun","Municipality"
311,78,"FIN","Finland",5,"Western Finland",16,"Ostrobothnia",55,"Jakobstadsregionen",311,"Pietarsaari","Jakobstad","Kunta|Kommun","Municipality"
312,78,"FIN","Finland",5,"Western Finland",16,"Ostrobothnia",55,"Jakobstadsregionen",312,"Uusikaarlepyy","Nykarleby","Kunta|Kommun","Municipality"
313,78,"FIN","Finland",5,"Western Finland",16,"Ostrobothnia",56,"Kyrönmaa",313,"Isokyrö","Storkyro|Isokyroe","Kunta|Kommun","Municipality"
314,78,"FIN","Finland",5,"Western Finland",16,"Ostrobothnia",56,"Kyrönmaa",314,"Laihia","Laihela","Kunta|Kommun","Municipality"
315,78,"FIN","Finland",5,"Western Finland",16,"Ostrobothnia",56,"Kyrönmaa",315,"Vähäkyrö","Lillkyro|Vaehaekyroe","Kunta|Kommun","Municipality"
316,78,"FIN","Finland",5,"Western Finland",16,"Ostrobothnia",57,"South Eastern Bothnia",316,"Kaskinen","Kaskoe","Kunta|Kommun","Municipality"
317,78,"FIN","Finland",5,"Western Finland",16,"Ostrobothnia",57,"South Eastern Bothnia",317,"Kristiinankaupunki","Kristinestad","Kunta|Kommun","Municipality"
318,78,"FIN","Finland",5,"Western Finland",16,"Ostrobothnia",57,"South Eastern Bothnia",318,"Närpiö","Naerpes|Naerpioe","Kunta|Kommun","Municipality"
319,78,"FIN","Finland",5,"Western Finland",16,"Ostrobothnia",58,"Vaasa",319,"Korsnäs","Korsnaes","Kunta|Kommun","Municipality"
320,78,"FIN","Finland",5,"Western Finland",16,"Ostrobothnia",58,"Vaasa",320,"Maalahti","Malax","Kunta|Kommun","Municipality"
321,78,"FIN","Finland",5,"Western Finland",16,"Ostrobothnia",58,"Vaasa",321,"Maksamaa","Maxmo","Kunta|Kommun","Municipality"
322,78,"FIN","Finland",5,"Western Finland",16,"Ostrobothnia",58,"Vaasa",322,"Mustasaari","Korsholm","Kunta|Kommun","Municipality"
323,78,"FIN","Finland",5,"Western Finland",16,"Ostrobothnia",58,"Vaasa",323,"Oravainen","Oravais","Kunta|Kommun","Municipality"
324,78,"FIN","Finland",5,"Western Finland",16,"Ostrobothnia",58,"Vaasa",324,"Vöyri",NA,"Kunta|Kommun","Municipality"
325,78,"FIN","Finland",5,"Western Finland",16,"Ostrobothnia",58,"Vaasa",325,"Vaasa","Vasa","Kunta|Kommun","Municipality"
326,78,"FIN","Finland",5,"Western Finland",17,"Päijänne Tavastia",59,"Lahti",326,"Asikkala",NA,"Kunta|Kommun","Municipality"
327,78,"FIN","Finland",5,"Western Finland",17,"Päijänne Tavastia",59,"Lahti",327,"Hollola",NA,"Kunta|Kommun","Municipality"
328,78,"FIN","Finland",5,"Western Finland",17,"Päijänne Tavastia",59,"Lahti",328,"Kärkölä","Kaerkoelae","Kunta|Kommun","Municipality"
329,78,"FIN","Finland",5,"Western Finland",17,"Päijänne Tavastia",59,"Lahti",329,"Lahti","Lahtis","Kunta|Kommun","Municipality"
330,78,"FIN","Finland",5,"Western Finland",17,"Päijänne Tavastia",59,"Lahti",330,"Nastola",NA,"Kunta|Kommun","Municipality"
331,78,"FIN","Finland",5,"Western Finland",17,"Päijänne Tavastia",59,"Lahti",331,"Padasjoki",NA,"Kunta|Kommun","Municipality"
332,78,"FIN","Finland",5,"Western Finland",18,"Pirkanmaa",60,"Jämsä",332,"Kiuruvesi","Kuorevesi","Kunta|Kommun","Municipality"
333,78,"FIN","Finland",5,"Western Finland",18,"Pirkanmaa",61,"North Western Pirkanm",333,"Hämeenkyrö","Tavastkyro","Kunta|Kommun","Municipality"
334,78,"FIN","Finland",5,"Western Finland",18,"Pirkanmaa",61,"North Western Pirkanm",334,"Ikaalinen","Ikalis","Kunta|Kommun","Municipality"
335,78,"FIN","Finland",5,"Western Finland",18,"Pirkanmaa",61,"North Western Pirkanm",335,"Kihniö","Kihnioe","Kunta|Kommun","Municipality"
336,78,"FIN","Finland",5,"Western Finland",18,"Pirkanmaa",61,"North Western Pirkanm",336,"Parkano",NA,"Kunta|Kommun","Municipality"
337,78,"FIN","Finland",5,"Western Finland",18,"Pirkanmaa",61,"North Western Pirkanm",337,"Viljakkala",NA,"Kunta|Kommun","Municipality"
338,78,"FIN","Finland",5,"Western Finland",18,"Pirkanmaa",62,"South Eastern Pirkanm",338,"Kuhmalahti",NA,"Kunta|Kommun","Municipality"
339,78,"FIN","Finland",5,"Western Finland",18,"Pirkanmaa",62,"South Eastern Pirkanm",339,"Luopioinen",NA,"Kunta|Kommun","Municipality"
340,78,"FIN","Finland",5,"Western Finland",18,"Pirkanmaa",62,"South Eastern Pirkanm",340,"Pälkäne","Paelkaene","Kunta|Kommun","Municipality"
341,78,"FIN","Finland",5,"Western Finland",18,"Pirkanmaa",62,"South Eastern Pirkanm",341,"Sahalahti",NA,"Kunta|Kommun","Municipality"
342,78,"FIN","Finland",5,"Western Finland",18,"Pirkanmaa",63,"South Western Pirkanm",342,"Äetsä","Aeetsae","Kunta|Kommun","Municipality"
343,78,"FIN","Finland",5,"Western Finland",18,"Pirkanmaa",63,"South Western Pirkanm",343,"Mouhijärvi","Mouhijaervi","Kunta|Kommun","Municipality"
344,78,"FIN","Finland",5,"Western Finland",18,"Pirkanmaa",63,"South Western Pirkanm",344,"Punkalaidun",NA,"Kunta|Kommun","Municipality"
345,78,"FIN","Finland",5,"Western Finland",18,"Pirkanmaa",63,"South Western Pirkanm",345,"Suodenniemi",NA,"Kunta|Kommun","Municipality"
346,78,"FIN","Finland",5,"Western Finland",18,"Pirkanmaa",63,"South Western Pirkanm",346,"Vammala",NA,"Kunta|Kommun","Municipality"
347,78,"FIN","Finland",5,"Western Finland",18,"Pirkanmaa",64,"Southern Pirkanmaa",347,"Kylmäkoski","Kylmaekoski","Kunta|Kommun","Municipality"
348,78,"FIN","Finland",5,"Western Finland",18,"Pirkanmaa",64,"Southern Pirkanmaa",348,"Toijala",NA,"Kunta|Kommun","Municipality"
349,78,"FIN","Finland",5,"Western Finland",18,"Pirkanmaa",64,"Southern Pirkanmaa",349,"Urjala",NA,"Kunta|Kommun","Municipality"
350,78,"FIN","Finland",5,"Western Finland",18,"Pirkanmaa",64,"Southern Pirkanmaa",350,"Valkeakoski",NA,"Kunta|Kommun","Municipality"
351,78,"FIN","Finland",5,"Western Finland",18,"Pirkanmaa",64,"Southern Pirkanmaa",351,"Viiala",NA,"Kunta|Kommun","Municipality"
352,78,"FIN","Finland",5,"Western Finland",18,"Pirkanmaa",65,"Tampere",352,"Kangasala",NA,"Kunta|Kommun","Municipality"
353,78,"FIN","Finland",5,"Western Finland",18,"Pirkanmaa",65,"Tampere",353,"Lempäälä","Lempaeaelae","Kunta|Kommun","Municipality"
354,78,"FIN","Finland",5,"Western Finland",18,"Pirkanmaa",65,"Tampere",354,"Nokia",NA,"Kunta|Kommun","Municipality"
355,78,"FIN","Finland",5,"Western Finland",18,"Pirkanmaa",65,"Tampere",355,"Pirkkala","Birkala ","Kunta|Kommun","Municipality"
356,78,"FIN","Finland",5,"Western Finland",18,"Pirkanmaa",65,"Tampere",356,"Tampere","Tammerfore","Kunta|Kommun","Municipality"
357,78,"FIN","Finland",5,"Western Finland",18,"Pirkanmaa",65,"Tampere",357,"Vesilahti",NA,"Kunta|Kommun","Municipality"
358,78,"FIN","Finland",5,"Western Finland",18,"Pirkanmaa",65,"Tampere",358,"Ylöjärvi","Yloejaervi","Kunta|Kommun","Municipality"
359,78,"FIN","Finland",5,"Western Finland",18,"Pirkanmaa",66,"Upper Pirkanmaa",359,"Juupajoki",NA,"Kunta|Kommun","Municipality"
360,78,"FIN","Finland",5,"Western Finland",18,"Pirkanmaa",66,"Upper Pirkanmaa",360,"Kuru",NA,"Kunta|Kommun","Municipality"
361,78,"FIN","Finland",5,"Western Finland",18,"Pirkanmaa",66,"Upper Pirkanmaa",361,"Längelmäki","Laengelmaeki","Kunta|Kommun","Municipality"
362,78,"FIN","Finland",5,"Western Finland",18,"Pirkanmaa",66,"Upper Pirkanmaa",362,"Mänttä","Maenttae","Kunta|Kommun","Municipality"
363,78,"FIN","Finland",5,"Western Finland",18,"Pirkanmaa",66,"Upper Pirkanmaa",363,"Orivesi","Orivesi","Kunta|Kommun","Municipality"
364,78,"FIN","Finland",5,"Western Finland",18,"Pirkanmaa",66,"Upper Pirkanmaa",364,"Ruovesi",NA,"Kunta|Kommun","Municipality"
365,78,"FIN","Finland",5,"Western Finland",18,"Pirkanmaa",66,"Upper Pirkanmaa",365,"Vilppula",NA,"Kunta|Kommun","Municipality"
366,78,"FIN","Finland",5,"Western Finland",18,"Pirkanmaa",66,"Upper Pirkanmaa",366,"Virrat","Virdois","Kunta|Kommun","Municipality"
367,78,"FIN","Finland",5,"Western Finland",19,"Satakunta",67,"Northern Satakunta",367,"Honkajoki",NA,"Kunta|Kommun","Municipality"
368,78,"FIN","Finland",5,"Western Finland",19,"Satakunta",67,"Northern Satakunta",368,"Jämijärvi","Jaemijaervi","Kunta|Kommun","Municipality"
369,78,"FIN","Finland",5,"Western Finland",19,"Satakunta",67,"Northern Satakunta",369,"Kankaanpää","Kankaanpaeae","Kunta|Kommun","Municipality"
370,78,"FIN","Finland",5,"Western Finland",19,"Satakunta",67,"Northern Satakunta",370,"Karvia",NA,"Kunta|Kommun","Municipality"
371,78,"FIN","Finland",5,"Western Finland",19,"Satakunta",67,"Northern Satakunta",371,"Kiikoinen",NA,"Kunta|Kommun","Municipality"
372,78,"FIN","Finland",5,"Western Finland",19,"Satakunta",67,"Northern Satakunta",372,"Lavia",NA,"Kunta|Kommun","Municipality"
373,78,"FIN","Finland",5,"Western Finland",19,"Satakunta",67,"Northern Satakunta",373,"Merikarvia","Sastmola","Kunta|Kommun","Municipality"
374,78,"FIN","Finland",5,"Western Finland",19,"Satakunta",67,"Northern Satakunta",374,"Siikainen",NA,"Kunta|Kommun","Municipality"
375,78,"FIN","Finland",5,"Western Finland",19,"Satakunta",68,"Pori",375,"Harjavalta",NA,"Kunta|Kommun","Municipality"
376,78,"FIN","Finland",5,"Western Finland",19,"Satakunta",68,"Pori",376,"Kullaa",NA,"Kunta|Kommun","Municipality"
377,78,"FIN","Finland",5,"Western Finland",19,"Satakunta",68,"Pori",377,"Luvia",NA,"Kunta|Kommun","Municipality"
378,78,"FIN","Finland",5,"Western Finland",19,"Satakunta",68,"Pori",378,"Nakkila",NA,"Kunta|Kommun","Municipality"
379,78,"FIN","Finland",5,"Western Finland",19,"Satakunta",68,"Pori",379,"Noormarkku","Norrmark","Kunta|Kommun","Municipality"
380,78,"FIN","Finland",5,"Western Finland",19,"Satakunta",68,"Pori",380,"Pomarkku","Paamark","Kunta|Kommun","Municipality"
381,78,"FIN","Finland",5,"Western Finland",19,"Satakunta",68,"Pori",381,"Pori","Bjoerneborg|Pori|Björneborg","Kunta|Kommun","Municipality"
382,78,"FIN","Finland",5,"Western Finland",19,"Satakunta",68,"Pori",382,"Ulvila","Ulvsby","Kunta|Kommun","Municipality"
383,78,"FIN","Finland",5,"Western Finland",19,"Satakunta",69,"Rauma",383,"Eurajoki","Euraaaminne|Eurajoki|Euraåminne","Kunta|Kommun","Municipality"
384,78,"FIN","Finland",5,"Western Finland",19,"Satakunta",69,"Rauma",384,"Eura",NA,"Kunta|Kommun","Municipality"
385,78,"FIN","Finland",5,"Western Finland",19,"Satakunta",69,"Rauma",385,"Kiukainen",NA,"Kunta|Kommun","Municipality"
386,78,"FIN","Finland",5,"Western Finland",19,"Satakunta",69,"Rauma",386,"Kodisjoki",NA,"Kunta|Kommun","Municipality"
387,78,"FIN","Finland",5,"Western Finland",19,"Satakunta",69,"Rauma",387,"Lappi",NA,"Kunta|Kommun","Municipality"
388,78,"FIN","Finland",5,"Western Finland",19,"Satakunta",69,"Rauma",388,"Rauma","Raumo","Kunta|Kommun","Municipality"
389,78,"FIN","Finland",5,"Western Finland",19,"Satakunta",70,"South Eastern Satakun",389,"Huittinen",NA,"Kunta|Kommun","Municipality"
390,78,"FIN","Finland",5,"Western Finland",19,"Satakunta",70,"South Eastern Satakun",390,"Köyliö","Kjulo|Kjulo","Kunta|Kommun","Municipality"
391,78,"FIN","Finland",5,"Western Finland",19,"Satakunta",70,"South Eastern Satakun",391,"Kokemäki","Kumo|Kokemaeki","Kunta|Kommun","Municipality"
392,78,"FIN","Finland",5,"Western Finland",19,"Satakunta",70,"South Eastern Satakun",392,"Säkylä","Saekylae","Kunta|Kommun","Municipality"
393,78,"FIN","Finland",5,"Western Finland",19,"Satakunta",70,"South Eastern Satakun",393,"Vampula",NA,"Kunta|Kommun","Municipality"
394,78,"FIN","Finland",5,"Western Finland",20,"Southern Ostrobothnia",71,"Härmänmaa",394,"Alahärmä","Alahaermae","Kunta|Kommun","Municipality"
395,78,"FIN","Finland",5,"Western Finland",20,"Southern Ostrobothnia",71,"Härmänmaa",395,"Kauhava",NA,"Kunta|Kommun","Municipality"
396,78,"FIN","Finland",5,"Western Finland",20,"Southern Ostrobothnia",71,"Härmänmaa",396,"Lapua","Lappo","Kunta|Kommun","Municipality"
397,78,"FIN","Finland",5,"Western Finland",20,"Southern Ostrobothnia",71,"Härmänmaa",397,"Ylihärmä","Ylihaermae","Kunta|Kommun","Municipality"
398,78,"FIN","Finland",5,"Western Finland",20,"Southern Ostrobothnia",72,"Järviseutu",398,"Alajärvi","Alajaervi","Kunta|Kommun","Municipality"
399,78,"FIN","Finland",5,"Western Finland",20,"Southern Ostrobothnia",72,"Järviseutu",399,"Evijärvi","Evijaervi","Kunta|Kommun","Municipality"
400,78,"FIN","Finland",5,"Western Finland",20,"Southern Ostrobothnia",72,"Järviseutu",400,"Kortesjärvi","Kortesjaervi","Kunta|Kommun","Municipality"
401,78,"FIN","Finland",5,"Western Finland",20,"Southern Ostrobothnia",72,"Järviseutu",401,"Lappajärvi","Lappajaervi","Kunta|Kommun","Municipality"
402,78,"FIN","Finland",5,"Western Finland",20,"Southern Ostrobothnia",72,"Järviseutu",402,"Vimpeli",NA,"Kunta|Kommun","Municipality"
403,78,"FIN","Finland",5,"Western Finland",20,"Southern Ostrobothnia",73,"Kuusiokunnat",403,"Ähtäri","Etseri","Kunta|Kommun","Municipality"
404,78,"FIN","Finland",5,"Western Finland",20,"Southern Ostrobothnia",73,"Kuusiokunnat",404,"Alavus",NA,"Kunta|Kommun","Municipality"
405,78,"FIN","Finland",5,"Western Finland",20,"Southern Ostrobothnia",73,"Kuusiokunnat",405,"Kuortane",NA,"Kunta|Kommun","Municipality"
406,78,"FIN","Finland",5,"Western Finland",20,"Southern Ostrobothnia",73,"Kuusiokunnat",406,"Lehtimäki","Lehtimaeki","Kunta|Kommun","Municipality"
407,78,"FIN","Finland",5,"Western Finland",20,"Southern Ostrobothnia",73,"Kuusiokunnat",407,"Soini",NA,"Kunta|Kommun","Municipality"
408,78,"FIN","Finland",5,"Western Finland",20,"Southern Ostrobothnia",73,"Kuusiokunnat",408,"Töysä","Toeysae","Kunta|Kommun","Municipality"
409,78,"FIN","Finland",5,"Western Finland",20,"Southern Ostrobothnia",74,"Northern Seinänaapuri",409,"Ilmajoki",NA,"Kunta|Kommun","Municipality"
410,78,"FIN","Finland",5,"Western Finland",20,"Southern Ostrobothnia",74,"Northern Seinänaapuri",410,"Nurmo",NA,"Kunta|Kommun","Municipality"
411,78,"FIN","Finland",5,"Western Finland",20,"Southern Ostrobothnia",74,"Northern Seinänaapuri",411,"Seinäjoki","Seinaejoki","Kunta|Kommun","Municipality"
412,78,"FIN","Finland",5,"Western Finland",20,"Southern Ostrobothnia",74,"Northern Seinänaapuri",412,"Ylistaro",NA,"Kunta|Kommun","Municipality"
413,78,"FIN","Finland",5,"Western Finland",20,"Southern Ostrobothnia",75,"South Eastern Bothnia",413,"Isojoki","Storaa|Isojoki|Storå","Kunta|Kommun","Municipality"
414,78,"FIN","Finland",5,"Western Finland",20,"Southern Ostrobothnia",75,"South Eastern Bothnia",414,"Jurva",NA,"Kunta|Kommun","Municipality"
415,78,"FIN","Finland",5,"Western Finland",20,"Southern Ostrobothnia",75,"South Eastern Bothnia",415,"Karijoki","Boetom|Karijoki|Botöm","Kunta|Kommun","Municipality"
416,78,"FIN","Finland",5,"Western Finland",20,"Southern Ostrobothnia",75,"South Eastern Bothnia",416,"Kauhajoki",NA,"Kunta|Kommun","Municipality"
417,78,"FIN","Finland",5,"Western Finland",20,"Southern Ostrobothnia",75,"South Eastern Bothnia",417,"Teuva","Oestermark","Kunta|Kommun","Municipality"
418,78,"FIN","Finland",5,"Western Finland",20,"Southern Ostrobothnia",76,"Southern Seinänaapuri",418,"Jalasjärvi","Jalasjaervi","Kunta|Kommun","Municipality"
419,78,"FIN","Finland",5,"Western Finland",20,"Southern Ostrobothnia",76,"Southern Seinänaapuri",419,"Kurikka",NA,"Kunta|Kommun","Municipality"
420,78,"FIN","Finland",5,"Western Finland",20,"Southern Ostrobothnia",76,"Southern Seinänaapuri",420,"Peräseinäjoki","Peraeseinaejoki","Kunta|Kommun","Municipality"
421,78,"FIN","Finland",5,"Western Finland",21,"Tavastia Proper",77,"Forssa",421,"Forssa",NA,"Kunta|Kommun","Municipality"
422,78,"FIN","Finland",5,"Western Finland",21,"Tavastia Proper",77,"Forssa",422,"Humppila",NA,"Kunta|Kommun","Municipality"
423,78,"FIN","Finland",5,"Western Finland",21,"Tavastia Proper",77,"Forssa",423,"Jokioinen","Jockis ","Kunta|Kommun","Municipality"
424,78,"FIN","Finland",5,"Western Finland",21,"Tavastia Proper",77,"Forssa",424,"Tammela",NA,"Kunta|Kommun","Municipality"
425,78,"FIN","Finland",5,"Western Finland",21,"Tavastia Proper",77,"Forssa",425,"Ypäjä","Ypaejae","Kunta|Kommun","Municipality"
426,78,"FIN","Finland",5,"Western Finland",21,"Tavastia Proper",78,"Hämeenlinna",426,"Hämeenlinna","Tavastehus","Kunta|Kommun","Municipality"
427,78,"FIN","Finland",5,"Western Finland",21,"Tavastia Proper",78,"Hämeenlinna",427,"Hattula",NA,"Kunta|Kommun","Municipality"
428,78,"FIN","Finland",5,"Western Finland",21,"Tavastia Proper",78,"Hämeenlinna",428,"Hauho",NA,"Kunta|Kommun","Municipality"
429,78,"FIN","Finland",5,"Western Finland",21,"Tavastia Proper",78,"Hämeenlinna",429,"Janakkala",NA,"Kunta|Kommun","Municipality"
430,78,"FIN","Finland",5,"Western Finland",21,"Tavastia Proper",78,"Hämeenlinna",430,"Kalvola",NA,"Kunta|Kommun","Municipality"
431,78,"FIN","Finland",5,"Western Finland",21,"Tavastia Proper",78,"Hämeenlinna",431,"Lammi",NA,"Kunta|Kommun","Municipality"
432,78,"FIN","Finland",5,"Western Finland",21,"Tavastia Proper",78,"Hämeenlinna",432,"Renko",NA,"Kunta|Kommun","Municipality"
433,78,"FIN","Finland",5,"Western Finland",21,"Tavastia Proper",78,"Hämeenlinna",433,"Tuulos",NA,"Kunta|Kommun","Municipality"
434,78,"FIN","Finland",5,"Western Finland",21,"Tavastia Proper",79,"Lahti",434,"Hämeenkoski","Koski HL","Kunta|Kommun","Municipality"
435,78,"FIN","Finland",5,"Western Finland",21,"Tavastia Proper",80,"Riihimäki",435,"Hausjärvi","Hausjaervi","Kunta|Kommun","Municipality"
436,78,"FIN","Finland",5,"Western Finland",21,"Tavastia Proper",80,"Riihimäki",436,"Loppi",NA,"Kunta|Kommun","Municipality"
437,78,"FIN","Finland",5,"Western Finland",21,"Tavastia Proper",80,"Riihimäki",437,"Riihimäki","Riihimaeki","Kunta|Kommun","Municipality"
